backend,frontend,fullstack,database engineer,data engineer,data scientist,devops,blockchain developer,cloud engineer,rpa,test qa,graphic designer,ui/ux designer,gaming developer,ios developer,mobile developer,business analyst,solution architect,project manager,sales manager,digital strategist
.net,angular,.net,cassandra,hadoop,anaconda,ansible,rust,aws,automation anywhere,behat,logo,adobe premiere,unity,flutter,android,sap s4,crystal reports,jira,salesforce,google analytics
apis rest,angular.js,java,mongodb,mysql,keras,apache,c++,amazon web services,iqbot,casper.js,branding,adobe xd,unity3d,swift,ios,sap hana,uml,trello,crm,hubspot
apollo,bootstrap,node.js,neo4j,postgresql,matlab,aws,solidity,azure blob storage,uipath,cucumber,social media,figma,c#,xcode,react native,r2r,ssrs,github,suitecrm,marketo
golang,css,php,mysql,python,mllib,azure,python,terraform,blue prism,cypress,icons,ilustrator,c++,dart,java,otc,aws,gitlab,sugarcrm,mautic
python,html,ruby,oracle,apache spark,neo4j,bash,node.js,golang,.net,jasmine,typography,photoshop,,firebase,xamarin,sp2,,git,microsoft dynamics,google search console
java,javascript,c#,postgresql,teradata,numpy,big data,web assembly,ruby,java,jest,,sketch,,cordova ios,ionic,mdm,,agile,civicrm,seo
node.js,react.js,asp.net,redis,etl,pandas,bitbucket,wasm,python,python,junit,,zeplin,,coredata,ionic framework,sap lumira,,redmine,salescloud,google adwords
php,typescript,javascript,sqlite,stata,python,chef,blokchain,azure,vba,mockito,,adobe illustrator,,rxswift,phonegap,uml,,scrum,,mailchimp
scala,vue.js,ruby on rails,teradata,redshift,pytorch,docker,ruby,unix,vbs,nightwatch.js,,adobe photoshop,,realm,flutter,crystal reports,,ms project,,silverpop
ruby,jquery,angular.js,hana,tableau,r,ecommerce,java,azure key vault,excel,phantom.js,,invision,,messageui,dart,,,waterfall,,pardot
c#,webgl,react.js,bigquery,quicksight,scikit-learn,git,kotlin,vault,access,phpunit,,axure rp,,addressbook,cordova,,,kanban,,eloqua
asp.net,d3.js,vue.js,clickhouse,microstrategy,spacy,github,golang,consul,c#,selenium,,adobe after effect,,corelocation,firebase,,,youtrack,,
c++,ember.js,mysql,sql,obiee,streamlit,gitlab,haskell,cloudhsm,six sigma,grunt,,adobe after effects,,coregraphics,kotlin,,,connectwise,,
objective-c,three.js,postgresql,nosql,netezza,tensorflow,golang,bash,cloudwatch,,karma,,after effects,,corevideo,crashlytics,,,scrum master,,
laravel,ruby on rails,mongodb,mariadb,snowflake,apache spark,google cloud,corda,redshift,,testrail,,uxpin,,coreaudio,testflight,,,scrumban,,
rust,backbone.js,cassandra,solarwinds,map reduce,bigml,grafana,rubix,kinesis,,testflight,,firebase,,mapkit,,,,roadmaps,,
wpf,mithril.js,firebase,altibase,sql,d3.js,helm,hyperledger,ec2,,crashlytics,,mockup,,mediaplayer,,,,asana,,
haskell,meteor.js,express.js,couchdb,nosql,hadoop,jenkins,bluemix,vpc,,itko,,mockups,,cfnetwork,,,,ms sharepoint,,
entity framework,sass,django,couchbase,pentaho,hive,kibana,dapp,glacier,,,,icons,,xmpp framework,,,,remedy,,
drupal,less,python,orientdb,datawarehousing,pig,kubernetes,distributed systems,puppet,,,,pixelmator,,dropboxsdk,,,,servicenow,,
wordpress,drupal,html,firebase,dashboards,jupyter notebook,logstash,aws,cloud foundry,,,,pixelmator pro,,,,,,leankit,,
express.js,wordpress,css,elasticsearch,oracle bi,sas,maven,ethereum,rabbitmq,,,,affinity,,,,,,clarity,,
django,django,ajax,,power bi,excel,nagios,r3 corda,vmware tanzu,,,,affinity designer,,,,,,itil,,
github,xml,git,,ssrs,tableau,nginx,bitcoin,gcp,,,,adobe lightroom,,,,,,prince2,,
gitlab,json,drupal,,qlikview,stata,prometheus,truffle,,,,,web design,,,,,,lean,,
git,graphql,wordpress,,powerbi,pyspark,puppet,web3.js,,,,,typography,,,,,,,,
doctrine2 odm,ajax,magento,,qilk sense,shiny,swarm,smart contracts,,,,,storyboarding,,,,,,,,
aggregation framework,github,joomla,,,spark sql,aws lambda,quorum,,,,,logo animation,,,,,,,,
sails.js,gitlab,github,,,,svn,qtum,,,,,lightroom,,,,,,,,
socketio,git,gitlab,,,,bamboo,azure,,,,,adobe indesign,,,,,,,,
socket.io,flexbox,,,,,mojo,kubernetes,,,,,indesign,,,,,,,,
rest api,twig,,,,,erlang,geth,,,,,hotjar,,,,,,,,
flutter,es6,,,,,nexus,parity,,,,,axure,,,,,,,,
dart,angularjs,,,,,fisheye,cryptography,,,,,responsive,,,,,,,,
sequelize,angular material,,,,,crucible,ripple,,,,,prototype,,,,,,,,
mvc,expressjs,,,,,sonarqube,,,,,,prototyping,,,,,,,,
java 8,mongoose,,,,,tomcat,,,,,,personas,,,,,,,,
bash,zend2,,,,,wildfly,,,,,,wireframe,,,,,,,,
perl,redux,,,,,ci/cd pipelines,,,,,,wireframes,,,,,,,,
springboot,es5,,,,,,,,,,,wireframing,,,,,,,,
c#.net,redux thunk,,,,,,,,,,,atomic design,,,,,,,,
pyramid,webpack,,,,,,,,,,,material design,,,,,,,,
flask,pwa,,,,,,,,,,,adobe cc,,,,,,,,
asp.net core,es7,,,,,,,,,,,heatmaps,,,,,,,,
.net core,twitter bootstrap,,,,,,,,,,,marvelapp,,,,,,,,
graphql,angular 2,,,,,,,,,,,paper wireframes,,,,,,,,
multithreading,angular 4,,,,,,,,,,,adobe ae,,,,,,,,
kotlin,lodash,,,,,,,,,,,whimsical,,,,,,,,
microservices,reactjs,,,,,,,,,,,luicid charts,,,,,,,,
lagom,react,,,,,,,,,,,google analytics,,,,,,,,
jruby,gatsby,,,,,,,,,,,user flow,,,,,,,,
docker,contentful,,,,,,,,,,,adobe ps,,,,,,,,
phalcon,responsive,,,,,,,,,,,adobe ai,,,,,,,,
grails,flutter,,,,,,,,,,,persona,,,,,,,,
swagger,dart,,,,,,,,,,,empathy,,,,,,,,
qt,js,,,,,,,,,,,vwo,,,,,,,,
qt c++,postcss,,,,,,,,,,,adobe creative cloud,,,,,,,,
symfony,highcharts,,,,,,,,,,,xd,,,,,,,,
tornado,highcharts.js,,,,,,,,,,,framer,,,,,,,,
electron,html5,,,,,,,,,,,visual design,,,,,,,,
,css3,,,,,,,,,,,branding,,,,,,,,
,bootstrap-ui,,,,,,,,,,,logo,,,,,,,,
,materialize,,,,,,,,,,,principle,,,,,,,,
,flux,,,,,,,,,,,mindmap,,,,,,,,
,react js,,,,,,,,,,,usability testing,,,,,,,,
,css grid,,,,,,,,,,,acrobat pro,,,,,,,,
,angular 2+,,,,,,,,,,,cinema 4d,,,,,,,,
,material ui,,,,,,,,,,,after effects,,,,,,,,
,kotlin,,,,,,,,,,,premier,,,,,,,,
,sagas,,,,,,,,,,,,,,,,,,,
,websockets,,,,,,,,,,,,,,,,,,,
,jspm,,,,,,,,,,,,,,,,,,,
,yeoman,,,,,,,,,,,,,,,,,,,
,scss,,,,,,,,,,,,,,,,,,,